Workbook

Sheet Front Page
B2: State of Affairs
B4: ="We are currently " & IF(C8-C7>0, "winning", IF(C8-C7<0, "losing", "tied by")) & " $" & TEXT(ROUND(ABS(C7-C8), 2), "0.00") -> We are currently losing $59.19
B5: Most Recent Round | C5: {=INDEX(Rounds!E:E,COUNTA(Rounds!E:E))} -> -0.65
B7: Starting Balance | C7: 375.01
B8: Current Balance | C8: {=index(Bets!P2:P1006, COUNT(Bets!P2:P1006))} -> 315.82
B9: Current ROI | C9: {=index(Bets!R3:R1006, COUNT(Bets!R3:R1006))} -> -0.15781333
B10: Live Bets | C10: =((C7-C8- ROUND(ABS(sum(Bets!O:O)), 2)))+ 1.25 -> 0
B11: Total Bets | C11: =COUNT(Bets!A:A) -> 440
B12: Average Bet | C12: =AVERAGE(Bets!L:L) -> 2.8014091
B13: Average Odds @ | C13: =AVERAGE(Bets!K:K) -> 2.0136884
B14: Average Result | C14: =AVERAGE(Bets!O:O) -> -0.13736364

Sheet Bets
A1: Index | B1: Date | C1: Matchday | D1: Home Team | E1: Home | F1: Away Team | G1: Away | H1: Bet Type | I1: Betting Option | J1: Supporting | K1: Odds | L1: Stake | M1: Result | N1: Payout | O1: Winnings | P1: Current Balance | Q1: Profit/Loss | R1: Return% | S1: Market | T1: Sport | U1: DOTW | V1: Notes
A2: 1 | B2: 45521 | C2: 1 | D2: Man Utd | E2: 1 | F2: Fulham | G2: 0 | H2: Full Time Result | I2: Man Utd | J2: Man Utd | K2: 1.57 | L2: 2 | M2: W | N2: 3.15 | O2: 1.15 | P2: =300.01-L2+N2 -> 301.16 | Q2: =P2-300.01 -> 1.15 | R2: =(P2-300)/300 -> 0.0038666667 | S2: EPL 24/25 | T2: Football | U2: =IF(B2<>"", TEXT(B2, "dddd"), "") -> Saturday | W2: =TRIM(CLEAN(H2)) -> Full Time Result
A3: 2 | B3: 45522 | C3: 1 | D3: Arsenal | E3: 2 | F3: Wolves | G3: 0 | H3: Asian Handicap | I3: Arsenal-1.5 | J3: Arsenal | K3: 1.625 | L3: 2 | M3: W | N3: 3.25 | O3: 1.25 | P3: =P2-L3+N3 -> 302.41 | Q3: =P3-300.01 -> 2.4 | R3: =(P3-300)/300 -> 0.0080333333 | S3: EPL 24/25 | T3: Football | U3: =IF(B3<>"", TEXT(B3, "dddd"), "") -> Sunday | W3: =TRIM(CLEAN(H3)) -> Asian Handicap
A4: 3 | B4: 45522 | C4: 1 | D4: West Ham | E4: 1 | F4: Villa | G4: 2 | H4: Full Time Result | I4: Draw | J4: Draw | K4: 3.5 | L4: 2 | M4: L | N4: 0 | O4: =N4-L4 -> -2 | P4: =P3-L4+N4 -> 300.41 | Q4: =P4-300.01 -> 0.4 | R4: =(P4-300)/300 -> 0.0013666667 | S4: EPL 24/25 | T4: Football | U4: =IF(B4<>"", TEXT(B4, "dddd"), "") -> Sunday | W4: =TRIM(CLEAN(H4)) -> Full Time Result
A5: 4 | B5: 45523 | C5: 1 | D5: Brentford | E5: 2 | F5: Palace | G5: 1 | H5: Double Chance | I5: Palace or Draw | J5: Palace | K5: 1.57 | L5: 2 | M5: L | N5: 0 | O5: =N5-L5 -> -2 | P5: =P4-L5+N5 -> 298.41 | Q5: =P5-300.01 -> -1.6 | R5: =(P5-300)/300 -> -0.0053 | S5: EPL 24/25 | T5: Football | U5: =IF(B5<>"", TEXT(B5, "dddd"), "") -> Monday | W5: =TRIM(CLEAN(H5)) -> Double Chance
A6: 5 | B6: 45524 | C6: 1 | D6: Leicester | E6: 1 | F6: Tottenham | G6: 1 | H6: Full Time Result | I6: Tottenham | J6: Tottenham | K6: 1.6 | L6: 2 | M6: L | N6: 0 | O6: =N6-L6 -> -2 | P6: =P5-L6+N6 -> 296.41 | Q6: =P6-300.01 -> -3.6 | R6: =(P6-300)/300 -> -0.011966667 | S6: EPL 24/25 | T6: Football | U6: =IF(B6<>"", TEXT(B6, "dddd"), "") -> Tuesday | W6: =TRIM(CLEAN(H6)) -> Full Time Result
A7: 6 | B7: 45529 | C7: 2 | D7: Brighton | E7: 2 | F7: Man Utd | G7: 1 | H7: Draw No Bet | I7: Man Utd | J7: Man Utd | K7: 1.83 | L7: 1.5 | M7: L | N7: 0 | O7: =N7-L7 -> -1.5 | P7: =P6-L7+N7 -> 294.91 | Q7: =P7-300.01 -> -5.1 | R7: =(P7-300)/300 -> -0.016966667 | S7: EPL 24/25 | T7: Football | U7: =IF(B7<>"", TEXT(B7, "dddd"), "") -> Sunday | W7: =TRIM(CLEAN(H7)) -> Draw No Bet
A8: 7 | B8: 45529 | C8: 2 | D8: Palace | E8: 0 | F8: West Ham | G8: 2 | H8: Draw No Bet | I8: Palace | J8: Palace | K8: 1.53 | L8: 0.5 | M8: L | N8: 0 | O8: =N8-L8 -> -0.5 | P8: =P7-L8+N8 -> 294.41 | Q8: =P8-300.01 -> -5.6 | R8: =(P8-300)/300 -> -0.018633333 | S8: EPL 24/25 | T8: Football | U8: =IF(B8<>"", TEXT(B8, "dddd"), "") -> Sunday | W8: =TRIM(CLEAN(H8)) -> Draw No Bet
A9: 8 | B9: 45529 | C9: 2 | D9: Fulham | E9: 2 | F9: Leicester | G9: 1 | H9: Draw No Bet | I9: Fulham | J9: Fulham | K9: 1.33 | L9: 1.5 | M9: W | N9: 2 | O9: =N9-L9 -> 0.5 | P9: =P8-L9+N9 -> 294.91 | Q9: =P9-300.01 -> -5.1 | R9: =(P9-300)/300 -> -0.016966667 | S9: EPL 24/25 | T9: Football | U9: =IF(B9<>"", TEXT(B9, "dddd"), "") -> Sunday | W9: =TRIM(CLEAN(H9)) -> Draw No Bet
A10: 9 | B10: 45529 | C10: 2 | D10: Man City | E10: 4 | F10: Ipswich | G10: 1 | H10: Handicap | I10: Man City -1 | J10: Man City | K10: 1.3 | L10: 3 | M10: W | N10: 3.9 | O10: =N10-L10 -> 0.9 | P10: =P9-L10+N10 -> 295.81 | Q10: =P10-300.01 -> -4.2 | R10: =(P10-300)/300 -> -0.013966667 | S10: EPL 24/25 | T10: Football | U10: =IF(B10<>"", TEXT(B10, "dddd"), "") -> Sunday | W10: =TRIM(CLEAN(H10)) -> Handicap
A11: 10 | B11: 45529 | C11: 2 | D11: Tottenham | E11: 4 | F11: Everton | G11: 0 | H11: Full Time Result | I11: Tottenham | J11: Tottenham | K11: 1.45 | L11: 0.5 | M11: W | N11: 0.73 | O11: =N11-L11 -> 0.23 | P11: =P10-L11+N11 -> 296.04 | Q11: =P11-300.01 -> -3.97 | R11: =(P11-300)/300 -> -0.0132 | S11: EPL 24/25 | T11: Football | U11: =IF(B11<>"", TEXT(B11, "dddd"), "") -> Sunday | W11: =TRIM(CLEAN(H11)) -> Full Time Result
A12: 11 | B12: 45530 | C12: 2 | D12: Bournemouth | E12: 1 | F12: Newcastle | G12: 1 | H12: Handicap | I12: Bournemouth +2 | J12: Bournemouth | K12: 1.22 | L12: 1.5 | M12: W | N12: 1.84 | O12: =N12-L12 -> 0.34 | P12: =P11-L12+N12 -> 296.38 | Q12: =P12-300.01 -> -3.63 | R12: =(P12-300)/300 -> -0.012066667 | S12: EPL 24/25 | T12: Football | U12: =IF(B12<>"", TEXT(B12, "dddd"), "") -> Monday | W12: =TRIM(CLEAN(H12)) -> Handicap
A13: 12 | B13: 45530 | C13: 2 | D13: Liverpool | E13: 2 | F13: Brentford | G13: 0 | H13: Handicap | I13: Liverpool -1 | J13: Liverpool | K13: 1.66 | L13: 1.5 | M13: W | N13: 2.5 | O13: =N13-L13 -> 1 | P13: =P12-L13+N13 -> 297.38 | Q13: =P13-300.01 -> -2.63 | R13: =(P13-300)/300 -> -0.0087333333 | S13: EPL 24/25 | T13: Football | U13: =IF(B13<>"", TEXT(B13, "dddd"), "") -> Monday | W13: =TRIM(CLEAN(H13)) -> Handicap
A14: 13 | B14: 45535 | C14: 3 | D14: Arsenal | E14: 1 | F14: Brighton | G14: 1 | H14: Full Time Result | I14: Arsenal | J14: Arsenal | K14: 1.33 | L14: 2 | M14: L | N14: 0 | O14: =N14-L14 -> -2 | P14: =P13-L14+N14 -> 295.38 | Q14: =P14-300.01 -> -4.63 | R14: =(P14-300)/300 -> -0.0154 | S14: EPL 24/25 | T14: Football | U14: =IF(B14<>"", TEXT(B14, "dddd"), "") -> Saturday | V14: Xanderdu middle debut | W14: =TRIM(CLEAN(H14)) -> Full Time Result
A15: 14 | B15: 45535 | C15: 3 | D15: Arsenal | E15: 1 | F15: Brighton | G15: 1 | H15: Handicap | I15: Brighton +3 | J15: Brighton | K15: 1.33 | L15: 2 | M15: W | N15: 2.67 | O15: =N15-L15 -> 0.67 | P15: =P14-L15+N15 -> 296.05 | Q15: =P15-300.01 -> -3.96 | R15: =(P15-300)/300 -> -0.013166667 | S15: EPL 24/25 | T15: Football | U15: =IF(B15<>"", TEXT(B15, "dddd"), "") -> Saturday | V15: Xanderdu middle debut | W15: =TRIM(CLEAN(H15)) -> Handicap
A16: 15 | B16: 45536 | C16: 3 | D16: Ipswich | E16: 1 | F16: Fulham | G16: 1 | H16: Handicap | I16: Ipswich +2 | J16: Ipswich | K16: 1.2 | L16: 0.5 | M16: W | N16: 0.6 | O16: =N16-L16 -> 0.1 | P16: =P15-L16+N16 -> 296.15 | Q16: =P16-300.01 -> -3.86 | R16: =(P16-300)/300 -> -0.012833333 | S16: EPL 24/25 | T16: Football | U16: =IF(B16<>"", TEXT(B16, "dddd"), "") -> Sunday | V16: Xanderdu middle 2 electric boogaloo | W16: =TRIM(CLEAN(H16)) -> Handicap
A17: 16 | B17: 45536 | C17: 3 | D17: Ipswich | E17: 1 | F17: Fulham | G17: 1 | H17: Handicap | I17: Fulham +1 | J17: Fulham | K17: 1.36 | L17: 0.5 | M17: W | N17: 0.69 | O17: =N17-L17 -> 0.19 | P17: =P16-L17+N17 -> 296.34 | Q17: =P17-300.01 -> -3.67 | R17: =(P17-300)/300 -> -0.0122 | S17: EPL 24/25 | T17: Football | U17: =IF(B17<>"", TEXT(B17, "dddd"), "") -> Sunday | V17: Xanderdu middle 2 electric boogaloo | W17: =TRIM(CLEAN(H17)) -> Handicap
A18: 17 | B18: 45536 | C18: 3 | D18: West Ham | E18: 1 | F18: Man City | G18: 3 | H18: Handicap | I18: Man City -1 | J18: Man City | K18: 1.9 | L18: 2 | M18: W | N18: 3.82 | O18: =N18-L18 -> 1.82 | P18: =P17-L18+N18 -> 298.16 | Q18: =P18-300.01 -> -1.85 | R18: =(P18-300)/300 -> -0.0061333333 | S18: EPL 24/25 | T18: Football | U18: =IF(B18<>"", TEXT(B18, "dddd"), "") -> Sunday | W18: =TRIM(CLEAN(H18)) -> Handicap
A19: 18 | B19: 45536 | C19: 3 | D19: Chelsea | E19: 1 | F19: Palace | G19: 1 | H19: Full Time Result | I19: Chelsea | J19: Chelsea | K19: 1.61 | L19: 3 | M19: L | N19: 0 | O19: =N19-L19 -> -3 | P19: =P18-L19+N19 -> 295.16 | Q19: =P19-300.01 -> -4.85 | R19: =(P19-300)/300 -> -0.016133333 | S19: EPL 24/25 | T19: Football | U19: =IF(B19<>"", TEXT(B19, "dddd"), "") -> Sunday | W19: =TRIM(CLEAN(H19)) -> Full Time Result
A20: 19 | B20: 45536 | D20: Multiple | F20: Multiple | H20: Relegation | I20: Everton | J20: Multiple | K20: 3 | L20: 4 | M20: L | N20: 3 | O20: =N20-L20 -> -1 | P20: =P19-L20+N20 -> 294.16 | Q20: =P20-300.01 -> -5.85 | R20: =(P20-300)/300 -> -0.019466667 | S20: EPL 24/25 | T20: Football | U20: =IF(B20<>"", TEXT(B20, "dddd"), "") -> Sunday | V20: Taken with the intent of cashing out at $4.80 or after 6 weeks | W20: =TRIM(CLEAN(H20)) -> Relegation
A21: 20 | B21: 45543 | C21: Null | D21: Mexico | E21: 3 | F21: New Zealand | G21: 0 | H21: Double Chance | I21: New Zealand or Draw | J21: New Zealand | K21: 3 | L21: 1 | M21: L | N21: 0 | O21: =N21-L21 -> -1 | P21: =P20-L21+N21 -> 293.16 | Q21: =P21-300.01 -> -6.85 | R21: =(P21-300)/300 -> -0.0228 | S21: World Cup OFC qualification | T21: Football | U21: =IF(B21<>"", TEXT(B21, "dddd"), "") -> Sunday | W21: =TRIM(CLEAN(H21)) -> Double Chance
A22: 21 | B22: 45550 | C22: 4 | D22: Villa | E22: 3 | F22: Everton | G22: 2 | H22: Full Time Result | I22: Villa | J22: Villa | K22: 1.5 | L22: 2 | M22: W | N22: 3 | O22: =N22-L22 -> 1 | P22: =P21-L22+N22 -> 294.16 | Q22: =P22-300.01 -> -5.85 | R22: =(P22-300)/300 -> -0.019466667 | S22: EPL 24/25 | T22: Football | U22: =IF(B22<>"", TEXT(B22, "dddd"), "") -> Sunday | W22: =TRIM(CLEAN(H22)) -> Full Time Result
A23: 22 | B23: 45550 | C23: 4 | D23: Man City | E23: 2 | F23: Brentford | G23: 1 | H23: Handicap | I23: Man City -1 | J23: Man City | K23: 1.5 | L23: 2 | M23: L | N23: 0 | O23: =N23-L23 -> -2 | P23: =P22-L23+N23 -> 292.16 | Q23: =P23-300.01 -> -7.85 | R23: =(P23-300)/300 -> -0.026133333 | S23: EPL 24/25 | T23: Football | U23: =IF(B23<>"", TEXT(B23, "dddd"), "") -> Sunday | W23: =TRIM(CLEAN(H23)) -> Handicap
A24: 23 | B24: 45550 | C24: 4 | D24: Liverpool | E24: 0 | F24: Forest | G24: 1 | H24: Handicap | I24: Liverpool -1 | J24: Liverpool | K24: 1.61 | L24: 2 | M24: L | N24: 0 | O24: =N24-L24 -> -2 | P24: =P23-L24+N24 -> 290.16 | Q24: =P24-300.01 -> -9.85 | R24: =(P24-300)/300 -> -0.0328 | S24: EPL 24/25 | T24: Football | U24: =IF(B24<>"", TEXT(B24, "dddd"), "") -> Sunday | W24: =TRIM(CLEAN(H24)) -> Handicap
A25: 24 | B25: 45550 | C25: 4 | D25: Palace | E25: 2 | F25: Leicester | G25: 2 | H25: Full Time Result | I25: Palace | J25: Palace | K25: 1.61 | L25: 2 | M25: L | N25: 0 | O25: =N25-L25 -> -2 | P25: =P24-L25+N25 -> 288.16 | Q25: =P25-300.01 -> -11.85 | R25: =(P25-300)/300 -> -0.039466667 | S25: EPL 24/25 | T25: Football | U25: =IF(B25<>"", TEXT(B25, "dddd"), "") -> Sunday | W25: =TRIM(CLEAN(H25)) -> Full Time Result
A26: 25 | B26: 45551 | C26: 4 | D26: Wolves | E26: 1 | F26: Newcastle | G26: 2 | H26: Double Chance | I26: Newcastle or Draw | J26: Newcastle | K26: 1.3 | L26: 2 | M26: W | N26: 2.6 | O26: =N26-L26 -> 0.6 | P26: =P25-L26+N26 -> 288.76 | Q26: =P26-300.01 -> -11.25 | R26: =(P26-300)/300 -> -0.037466667 | S26: EPL 24/25 | T26: Football | U26: =IF(B26<>"", TEXT(B26, "dddd"), "") -> Monday | W26: =TRIM(CLEAN(H26)) -> Double Chance
A27: 26 | B27: 45557 | C27: 5 | D27: Villa | E27: 3 | F27: Wolves | G27: 1 | H27: Full Time Result | I27: Villa | J27: Villa | K27: 1.57 | L27: 2 | M27: W | N27: 3.15 | O27: =N27-L27 -> 1.15 | P27: =P26-L27+N27 -> 289.91 | Q27: =P27-300.01 -> -10.1 | R27: =(P27-300)/300 -> -0.033633333 | S27: EPL 24/25 | T27: Football | U27: =IF(B27<>"", TEXT(B27, "dddd"), "") -> Sunday | W27: =TRIM(CLEAN(H27)) -> Full Time Result
A28: 27 | B28: 45557 | C28: 5 | D28: Tottenham | E28: 3 | F28: Brentford | G28: 1 | H28: Full Time Result | I28: Tottenham | J28: Tottenham | K28: 1.5 | L28: 2 | M28: W | N28: 3 | O28: =N28-L28 -> 1 | P28: =P27-L28+N28 -> 290.91 | Q28: =P28-300.01 -> -9.1 | R28: =(P28-300)/300 -> -0.0303 | S28: EPL 24/25 | T28: Football | U28: =IF(B28<>"", TEXT(B28, "dddd"), "") -> Sunday | W28: =TRIM(CLEAN(H28)) -> Full Time Result
A29: 28 | B29: 45557 | C29: 5 | D29: Leicester | E29: 1 | F29: Everton | G29: 1 | H29: Handicap | I29: Leicester +1 | J29: Leicester | K29: 1.4 | L29: 2 | M29: W | N29: 2.8 | O29: =N29-L29 -> 0.8 | P29: =P28-L29+N29 -> 291.71 | Q29: =P29-300.01 -> -8.3 | R29: =(P29-300)/300 -> -0.027633333 | S29: EPL 24/25 | T29: Football | U29: =IF(B29<>"", TEXT(B29, "dddd"), "") -> Sunday | W29: =TRIM(CLEAN(H29)) -> Handicap
A30: 29 | B30: 45557 | C30: 5 | D30: Palace | E30: 0 | F30: Man Utd | G30: 0 | H30: Handicap | I30: Man Utd +1 | J30: Man Utd | K30: 1.4 | L30: 2 | M30: W | N30: 2.8 | O30: =N30-L30 -> 0.8 | P30: =P29-L30+N30 -> 292.51 | Q30: =P30-300.01 -> -7.5 | R30: =(P30-300)/300 -> -0.024966667 | S30: EPL 24/25 | T30: Football | U30: =IF(B30<>"", TEXT(B30, "dddd"), "") -> Sunday | W30: =TRIM(CLEAN(H30)) -> Handicap
A31: 30 | B31: 45558 | C31: 5 | D31: Man City | E31: 2 | F31: Arsenal | G31: 2 | H31: BTTS | I31: Yes | J31: Multiple | K31: 1.8 | L31: 2 | M31: W | N31: 3.6 | O31: =N31-L31 -> 1.6 | P31: =P30-L31+N31 -> 294.11 | Q31: =P31-300.01 -> -5.9 | R31: =(P31-300)/300 -> -0.019633333 | S31: EPL 24/25 | T31: Football | U31: =IF(B31<>"", TEXT(B31, "dddd"), "") -> Monday | W31: =TRIM(CLEAN(H31)) -> BTTS
A32: 31 | B32: 45564 | C32: 6 | D32: Everton | E32: 2 | F32: Palace | G32: 1 | H32: Handicap | I32: Everton +1 | J32: Everton | K32: 1.5 | L32: 2 | M32: W | N32: 3 | O32: =N32-L32 -> 1 | P32: =P31-L32+N32 -> 295.11 | Q32: =P32-300.01 -> -4.9 | R32: =(P32-300)/300 -> -0.0163 | S32: EPL 24/25 | T32: Football | U32: =IF(B32<>"", TEXT(B32, "dddd"), "") -> Sunday | W32: =TRIM(CLEAN(H32)) -> Handicap
A33: 32 | B33: 45564 | C33: 6 | D33: Arsenal | E33: 4 | F33: Leicester | G33: 2 | H33: Handicap | I33: Arsenal-1 | J33: Arsenal | K33: 1.53 | L33: 2 | M33: W | N33: 3.07 | O33: =N33-L33 -> 1.07 | P33: =P32-L33+N33 -> 296.18 | Q33: =P33-300.01 -> -3.83 | R33: =(P33-300)/300 -> -0.012733333 | S33: EPL 24/25 | T33: Football | U33: =IF(B33<>"", TEXT(B33, "dddd"), "") -> Sunday | W33: =TRIM(CLEAN(H33)) -> Handicap
... A42: 41 | B42: 45572 | C42: 7 | D42: Brighton | E42: 3 | F42: Tottenham | G42: 2 | H42: BTTS | I42: Yes | J42: Multiple | K42: 1.36 | L42: 2 | M42: W | N42: 2.73 | O42: =N42-L42 -> 0.73 | P42: =P41-L42+N42 -> 292.27 | Q42: =P42-300.01 -> -7.74 | R42: =(P42-300)/300 -> -0.025766667 | S42: EPL 24/25 | T42: Football | U42: =IF(B42<>"", TEXT(B42, "dddd"), "") -> Monday | W42: =TRIM(CLEAN(H42)) -> BTTS
A43: 42 | B43: 45576 | C43: Null | D43: New Zealand | E43: 3 | F43: Tahiti | G43: 0 | H43: Handicap | I43: New Zealand -2 | J43: New Zealand | K43: 1.36 | L43: 2 | M43: W | N43: 2.73 | O43: =N43-L43 -> 0.73 | P43: =P42-L43+N43 -> 293 | Q43: =P43-300.01 -> -7.01 | R43: =(P43-300)/300 -> -0.023333333 | S43: World Cup OFC qualification | T43: Football | U43: =IF(B43<>"", TEXT(B43, "dddd"), "") -> Friday | W43: =TRIM(CLEAN(H43)) -> Handicap
A44: 43 | B44: 45576 | C44: Null | D44: New Zealand | E44: 3 | F44: Tahiti | G44: 0 | H44: Handicap | I44: New Zealand -4 | J44: New Zealand | K44: 2.75 | L44: 1 | M44: L | N44: 0 | O44: =N44-L44 -> -1 | P44: =P43-L44+N44 -> 292 | Q44: =P44-300.01 -> -8.01 | R44: =(P44-300)/300 -> -0.026666667 | S44: World Cup OFC qualification | T44: Football | U44: =IF(B44<>"", TEXT(B44, "dddd"), "") -> Friday | W44: =TRIM(CLEAN(H44)) -> Handicap
A45: 44 | B45: 45579 | C45: Null | D45: New Zealand | E45: 3 | F45: Malaysia | G45: 0 | H45: Full Time Result | I45: New Zealand | J45: New Zealand | K45: 1.42 | L45: 2 | M45: W | N45: 2.84 | O45: =N45-L45 -> 0.84 | P45: =P44-L45+N45 -> 292.84 | Q45: =P45-300.01 -> -7.17 | R45: =(P45-300)/300 -> -0.023866667 | S45: World Cup OFC qualification | T45: Football | U45: =IF(B45<>"", TEXT(B45, "dddd"), "") -> Monday | W45: =TRIM(CLEAN(H45)) -> Full Time Result
A46: 45 | B46: 45585 | C46: 8 | D46: Fulham | E46: 1 | F46: Villa | G46: 3 | H46: BTTS | I46: Yes | J46: Multiple | K46: 1.61 | L46: 2 | M46: W | N46: 3.24 | O46: =N46-L46 -> 1.24 | P46: =P45-L46+N46 -> 294.08 | Q46: =P46-300.01 -> -5.93 | R46: =(P46-300)/300 -> -0.019733333 | S46: EPL 24/25 | T46: Football | U46: =IF(B46<>"", TEXT(B46, "dddd"), "") -> Sunday | W46: =TRIM(CLEAN(H46)) -> BTTS
A47: 46 | B47: 45585 | C47: 8 | D47: Man Utd | E47: 2 | F47: Brentford | G47: 1 | H47: Handicap | I47: Brentford +2 | J47: Brentford | K47: 1.44 | L47: 2 | M47: W | N47: 2.89 | O47: =N47-L47 -> 0.89 | P47: =P46-L47+N47 -> 294.97 | Q47: =P47-300.01 -> -5.04 | R47: =(P47-300)/300 -> -0.016766667 | S47: EPL 24/25 | T47: Football | U47: =IF(B47<>"", TEXT(B47, "dddd"), "") -> Sunday | W47: =TRIM(CLEAN(H47)) -> Handicap
A48: 47 | B48: 45585 | C48: 8 | D48: Bournemouth | E48: 2 | F48: Arsenal | G48: 0 | H48: Full Time Result | I48: Arsenal | J48: Arsenal | K48: 1.66 | L48: 2 | M48: L | N48: 0 | O48: =N48-L48 -> -2 | P48: =P47-L48+N48 -> 292.97 | Q48: =P48-300.01 -> -7.04 | R48: =(P48-300)/300 -> -0.023433333 | S48: EPL 24/25 | T48: Football | U48: =IF(B48<>"", TEXT(B48, "dddd"), "") -> Sunday | W48: =TRIM(CLEAN(H48)) -> Full Time Result
A49: 48 | B49: 45585 | C49: 8 | D49: Wolves | E49: 1 | F49: Man City | G49: 2 | H49: Full Time Result | I49: Man City | J49: Man City | K49: 1.33 | L49: 4 | M49: W | N49: 5.34 | O49: =N49-L49 -> 1.34 | P49: =P48-L49+N49 -> 294.31 | Q49: =P49-300.01 -> -5.7 | R49: =(P49-300)/300 -> -0.018966667 | S49: EPL 24/25 | T49: Football | U49: =IF(B49<>"", TEXT(B49, "dddd"), "") -> Sunday | W49: =TRIM(CLEAN(H49)) -> Full Time Result
A50: 49 | B50: 45592 | C50: 9 | D50: Villa | E50: 1 | F50: Bournemouth | G50: 1 | H50: Draw No Bet | I50: Villa | J50: Villa | K50: 1.44 | L50: 1.5 | M50: P | N50: 1.5 | O50: =N50-L50 -> 0 | P50: =P49-L50+N50 -> 294.31 | Q50: =P50-300.01 -> -5.7 | R50: =(P50-300)/300 -> -0.018966667 | S50: EPL 24/25 | T50: Football | U50: =IF(B50<>"", TEXT(B50, "dddd"), "") -> Sunday | W50: =TRIM(CLEAN(H50)) -> Draw No Bet
A51: 50 | B51: 45592 | C51: 9 | D51: Brentford | E51: 4 | F51: Ipswich | G51: 3 | H51: Handicap | I51: Brentford +1 | J51: Brentford | K51: 1.22 | L51: 1.5 | M51: W | N51: 1.84 | O51: =N51-L51 -> 0.34 | P51: =P50-L51+N51 -> 294.65 | Q51: =P51-300.01 -> -5.36 | R51: =(P51-300)/300 -> -0.017833333 | S51: EPL 24/25 | T51: Football | U51: =IF(B51<>"", TEXT(B51, "dddd"), "") -> Sunday | W51: =TRIM(CLEAN(H51)) -> Handicap
A52: 51 | B52: 45592 | C52: 9 | D52: Brighton | E52: 2 | F52: Wolves | G52: 2 | H52: Full Time Result | I52: Brighton | J52: Brighton | K52: 1.6 | L52: 1.5 | M52: W | N52: 2.4 | O52: =N52-L52 -> 0.9 | P52: =P51-L52+N52 -> 295.55 | Q52: =P52-300.01 -> -4.46 | R52: =(P52-300)/300 -> -0.014833333 | S52: EPL 24/25 | T52: Football | U52: =IF(B52<>"", TEXT(B52, "dddd"), "") -> Sunday | W52: =TRIM(CLEAN(H52)) -> Full Time Result
A53: 52 | B53: 45592 | C53: 9 | D53: Man City | E53: 1 | F53: Southampton | G53: 0 | H53: Handicap | I53: Southampton +4 | J53: Southampton | K53: 1.36 | L53: 1.5 | M53: W | N53: 2.05 | O53: =N53-L53 -> 0.55 | P53: =P52-L53+N53 -> 296.1 | Q53: =P53-300.01 -> -3.91 | R53: =(P53-300)/300 -> -0.013 | S53: EPL 24/25 | T53: Football | U53: =IF(B53<>"", TEXT(B53, "dddd"), "") -> Sunday | W53: =TRIM(CLEAN(H53)) -> Handicap
A54: 53 | B54: 45592 | C54: 9 | D54: Man City | E54: 1 | F54: Southampton | G54: 0 | H54: Handicap | I54: Man City -1 | J54: Man City | K54: 1.36 | L54: 1.5 | M54: L | N54: 0 | O54: =N54-L54 -> -1.5 | P54: =P53-L54+N54 -> 294.6 | Q54: =P54-300.01 -> -5.41 | R54: =(P54-300)/300 -> -0.018 | S54: EPL 24/25 | T54: Football | U54: =IF(B54<>"", TEXT(B54, "dddd"), "") -> Sunday | W54: =TRIM(CLEAN(H54)) -> Handicap
A55: 54 | B55: 45593 | C55: 9 | D55: Chelsea | E55: 2 | F55: Newcastle | G55: 1 | H55: Full Time Result | I55: Chelsea | J55: Chelsea | K55: 1.8 | L55: 1 | M55: W | N55: 1.8 | O55: =N55-L55 -> 0.8 | P55: =P54-L55+N55 -> 295.4 | Q55: =P55-300.01 -> -4.61 | R55: =(P55-300)/300 -> -0.015333333 | S55: EPL 24/25 | T55: Football | U55: =IF(B55<>"", TEXT(B55, "dddd"), "") -> Monday | W55: =TRIM(CLEAN(H55)) -> Full Time Result
A56: 55 | B56: 45593 | C56: 9 | D56: Arsenal | E56: 2 | F56: Liverpool | G56: 2 | H56: Draw No Bet | I56: Arsenal | J56: Arsenal | K56: 1.72 | L56: 1.5 | M56: P | N56: 1.5 | O56: =N56-L56 -> 0 | P56: =P55-L56+N56 -> 295.4 | Q56: =P56-300.01 -> -4.61 | R56: =(P56-300)/300 -> -0.015333333 | S56: EPL 24/25 | T56: Football | U56: =IF(B56<>"", TEXT(B56, "dddd"), "") -> Monday | W56: =TRIM(CLEAN(H56)) -> Draw No Bet
A57: 56 | B57: 45598 | C57: 10 | D57: Newcastle | E57: 1 | F57: Arsenal | G57: 0 | H57: Draw No Bet | I57: Arsenal | J57: Arsenal | K57: 1.44 | L57: 1.5 | M57: L | N57: 0 | O57: =N57-L57 -> -1.5 | P57: =P56-L57+N57 -> 293.9 | Q57: =P57-300.01 -> -6.11 | R57: =(P57-300)/300 -> -0.020333333 | S57: EPL 24/25 | T57: Football | U57: =IF(B57<>"", TEXT(B57, "dddd"), "") -> Saturday | W57: =TRIM(CLEAN(H57)) -> Draw No Bet
... A69: 68 | B69: 45606 | C69: 11 | D69: Tottenham | E69: 1 | F69: Ipswich | G69: 2 | H69: Handicap | I69: Tottenham -1 | J69: Tottenham | K69: 1.66 | L69: 2 | M69: L | N69: 0 | O69: =N69-L69 -> -2 | P69: =P68-L69+N69 -> 289.83 | Q69: =P69-300.01 -> -10.18 | R69: =(P69-300)/300 -> -0.0339 | S69: EPL 24/25 | T69: Football | U69: =IF(B69<>"", TEXT(B69, "dddd"), "") -> Sunday | W69: =TRIM(CLEAN(H69)) -> Handicap
A70: 69 | B70: 45611 | C70: Null | D70: New Zealand | F70: Vanuatu | G70: 1 | H70: BTTS | I70: No | J70: Multiple | K70: 1.28 | L70: 5 | M70: L | N70: 0 | O70: =N70-L70 -> -5 | P70: =P69-L70+N70 -> 284.83 | Q70: =P70-300.01 -> -15.18 | R70: =(P70-300)/300 -> -0.050566667 | S70: World Cup OFC qualification | T70: Football | U70: =IF(B70<>"", TEXT(B70, "dddd"), "") -> Friday | W70: =TRIM(CLEAN(H70)) -> BTTS
A71: 70 | B71: 45614 | C71: Null | D71: New Zealand | E71: 8 | F71: Samoa | G71: 0 | H71: Goal Line | I71: Over 8.5 goals | J71: Multiple | K71: 1.85 | L71: 5 | M71: L | N71: 0 | O71: =N71-L71 -> -5 | P71: =P70-L71+N71 -> 279.83 | Q71: =P71-300.01 -> -20.18 | R71: =(P71-300)/300 -> -0.067233333 | S71: World Cup OFC qualification | T71: Football | U71: =IF(B71<>"", TEXT(B71, "dddd"), "") -> Monday | W71: =TRIM(CLEAN(H71)) -> Goal Line
A72: 71 | B72: 45620 | C72: 12 | D72: Leicester | E72: 1 | F72: Chelsea | G72: 2 | H72: Full Time Result | I72: Chelsea | J72: Chelsea | K72: 1.45 | L72: 1.5 | M72: W | N72: 2.18 | O72: =N72-L72 -> 0.68 | P72: =P71-L72+N72 -> 280.51 | Q72: =P72-300.01 -> -19.5 | R72: =(P72-300)/300 -> -0.064966667 | S72: EPL 24/25 | T72: Football | U72: =IF(B72<>"", TEXT(B72, "dddd"), "") -> Sunday | W72: =TRIM(CLEAN(H72)) -> Full Time Result
A73: 72 | B73: 45620 | C73: 12 | D73: Fulham | E73: 1 | F73: Wolves | G73: 4 | H73: Full Time Result | I73: Fulham | J73: Fulham | K73: 1.55 | L73: 1.5 | M73: L | N73: 0 | O73: =N73-L73 -> -1.5 | P73: =P72-L73+N73 -> 279.01 | Q73: =P73-300.01 -> -21 | R73: =(P73-300)/300 -> -0.069966667 | S73: EPL 24/25 | T73: Football | U73: =IF(B73<>"", TEXT(B73, "dddd"), "") -> Sunday | W73: =TRIM(CLEAN(H73)) -> Full Time Result
A74: 73 | B74: 45620 | C74: 12 | D74: Everton | E74: 0 | F74: Brentford | G74: 0 | H74: Handicap | I74: Brentford +1 | J74: Brentford | K74: 1.57 | L74: 1.5 | M74: W | N74: 2.36 | O74: =N74-L74 -> 0.86 | P74: =P73-L74+N74 -> 279.87 | Q74: =P74-300.01 -> -20.14 | R74: =(P74-300)/300 -> -0.0671 | S74: EPL 24/25 | T74: Football | U74: =IF(B74<>"", TEXT(B74, "dddd"), "") -> Sunday | W74: =TRIM(CLEAN(H74)) -> Handicap
A75: 74 | B75: 45620 | C75: 12 | D75: Arsenal | E75: 3 | F75: Forest | G75: 0 | H75: Full Time Result | I75: Arsenal | J75: Arsenal | K75: 1.4 | L75: 1.5 | M75: W | N75: 2.13 | O75: =N75-L75 -> 0.63 | P75: =P74-L75+N75 -> 280.5 | Q75: =P75-300.01 -> -19.51 | R75: =(P75-300)/300 -> -0.065 | S75: EPL 24/25 | T75: Football | U75: =IF(B75<>"", TEXT(B75, "dddd"), "") -> Sunday | W75: =TRIM(CLEAN(H75)) -> Full Time Result
A76: 75 | B76: 45620 | C76: 12 | D76: Bournemouth | E76: 1 | F76: Brighton | G76: 2 | H76: BTTS | I76: Yes | J76: Multiple | K76: 1.44 | L76: 1.5 | M76: W | N76: 2.08 | O76: =N76-L76 -> 0.58 | P76: =P75-L76+N76 -> 281.08 | Q76: =P76-300.01 -> -18.93 | R76: =(P76-300)/300 -> -0.063066667 | S76: EPL 24/25 | T76: Football | U76: =IF(B76<>"", TEXT(B76, "dddd"), "") -> Sunday | W76: =TRIM(CLEAN(H76)) -> BTTS
A77: 76 | B77: 45620 | C77: 12 | D77: Villa | E77: 2 | F77: Palace | G77: 2 | H77: Full Time Result | I77: Villa | J77: Villa | K77: 1.65 | L77: 1.5 | M77: L | N77: 0 | O77: =N77-L77 -> -1.5 | P77: =P76-L77+N77 -> 279.58 | Q77: =P77-300.01 -> -20.43 | R77: =(P77-300)/300 -> -0.068066667 | S77: EPL 24/25 | T77: Football | U77: =IF(B77<>"", TEXT(B77, "dddd"), "") -> Sunday | W77: =TRIM(CLEAN(H77)) -> Full Time Result
A78: 77 | B78: 45621 | C78: 12 | D78: Southampton | E78: 2 | F78: Liverpool | G78: 3 | H78: Full Time Result | I78: Liverpool | J78: Liverpool | K78: 1.28 | L78: 1.5 | M78: W | N78: 1.96 | O78: =N78-L78 -> 0.46 | P78: =P77-L78+N78 -> 280.04 | Q78: =P78-300.01 -> -19.97 | R78: =(P78-300)/300 -> -0.066533333 | S78: EPL 24/25 | T78: Football | U78: =IF(B78<>"", TEXT(B78, "dddd"), "") -> Monday | W78: =TRIM(CLEAN(H78)) -> Full Time Result
A79: 78 | B79: 45626 | C79: 13 | D79: Brighton | E79: 1 | F79: Southampton | G79: 1 | H79: Full Time Result | I79: Brighton | J79: Brighton | K79: 1.38 | L79: 2 | M79: L | N79: 0 | O79: =N79-L79 -> -2 | P79: =P78-L79+N79 -> 278.04 | Q79: =P79-300.01 -> -21.97 | R79: =(P79-300)/300 -> -0.0732 | S79: EPL 24/25 | T79: Football | U79: =IF(B79<>"", TEXT(B79, "dddd"), "") -> Saturday | W79: =TRIM(CLEAN(H79)) -> Full Time Result
A80: 79 | B80: 45627 | C80: 13 | D80: Brentford | E80: 4 | F80: Leicester | G80: 1 | H80: Full Time Result | I80: Brentford | J80: Brentford | K80: 1.65 | L80: 2 | M80: W | N80: 3.3 | O80: =N80-L80 -> 1.3 | P80: =P79-L80+N80 -> 279.34 | Q80: =P80-300.01 -> -20.67 | R80: =(P80-300)/300 -> -0.068866667 | S80: EPL 24/25 | T80: Football | U80: =IF(B80<>"", TEXT(B80, "dddd"), "") -> Sunday | W80: =TRIM(CLEAN(H80)) -> Full Time Result
A81: 80 | B81: 45628 | C81: 13 | D81: Chelsea | E81: 3 | F81: Villa | G81: 0 | H81: Full Time Result | I81: Chelsea | J81: Chelsea | K81: 1.7 | L81: 2 | M81: W | N81: 3.4 | O81: =N81-L81 -> 1.4 | P81: =P80-L81+N81 -> 280.74 | Q81: =P81-300.01 -> -19.27 | R81: =(P81-300)/300 -> -0.0642 | S81: EPL 24/25 | T81: Football | U81: =IF(B81<>"", TEXT(B81, "dddd"), "") -> Monday | W81: =TRIM(CLEAN(H81)) -> Full Time Result
A82: 81 | B82: 45628 | C82: 13 | D82: Man Utd | E82: 4 | F82: Everton | G82: 0 | H82: Full Time Result | I82: Man Utd | J82: Man Utd | K82: 1.53 | L82: 2 | M82: W | N82: 3.07 | O82: =N82-L82 -> 1.07 | P82: =P81-L82+N82 -> 281.81 | Q82: =P82-300.01 -> -18.2 | R82: =(P82-300)/300 -> -0.060633333 | S82: EPL 24/25 | T82: Football | U82: =IF(B82<>"", TEXT(B82, "dddd"), "") -> Monday | W82: =TRIM(CLEAN(H82)) -> Full Time Result
A83: 82 | B83: 45628 | C83: 13 | D83: Liverpool | E83: 2 | F83: Man City | G83: 0 | H83: Full Time Result | I83: Liverpool | J83: Liverpool | K83: 2.1 | L83: 2 | M83: W | N83: 4.2 | O83: =N83-L83 -> 2.2 | P83: =P82-L83+N83 -> 284.01 | Q83: =P83-300.01 -> -16 | R83: =(P83-300)/300 -> -0.0533 | S83: EPL 24/25 | T83: Football | U83: =IF(B83<>"", TEXT(B83, "dddd"), "") -> Monday | W83: =TRIM(CLEAN(H83)) -> Full Time Result
... A93: 93 | B93: 45635 | C93: 15 | D93: Tottenham | E93: 3 | F93: Chelsea | G93: 4 | H93: Full Time Result | I93: Tottenham | J93: Tottenham | K93: 3.3 | L93: 1 | M93: W | N93: 3.3 | O93: =N93-L93 -> 2.3 | P93: =P92-L93+N93 -> 280.85 | Q93: =P93-300.01 -> -19.16 | R93: =(P93-300)/300 -> -0.063833333 | S93: EPL 24/25 | T93: Football | U93: =IF(B93<>"", TEXT(B93, "dddd"), "") -> Monday | W93: =TRIM(CLEAN(H93)) -> Full Time Result
A94: 94 | B94: 45641 | C94: 16 | D94: Multiple | F94: Multiple | H94: Accumulator | I94: Arsenal, Newcastle, Liverpool, Man City, Chelsea | J94: Multiple | K94: 4.68 | L94: 1 | M94: L | N94: 0 | O94: =N94-L94 -> -1 | P94: =P93-L94+N94 -> 279.85 | Q94: =P94-300.01 -> -20.16 | R94: =(P94-300)/300 -> -0.067166667 | S94: EPL 24/25 | T94: Football | U94: =IF(B94<>"", TEXT(B94, "dddd"), "") -> Sunday | W94: =TRIM(CLEAN(H94)) -> Accumulator
A95: 95 | B95: 45641 | C95: 16 | D95: Multiple | F95: Multiple | H95: Accumulator | I95: Arsenal, Newcastle, Liverpool, Man City | J95: Multiple | K95: 3.43 | L95: 1 | M95: L | N95: 0 | O95: =N95-L95 -> -1 | P95: =P94-L95+N95 -> 278.85 | Q95: =P95-300.01 -> -21.16 | R95: =(P95-300)/300 -> -0.0705 | S95: EPL 24/25 | T95: Football | U95: =IF(B95<>"", TEXT(B95, "dddd"), "") -> Sunday | W95: =TRIM(CLEAN(H95)) -> Accumulator
A96: 96 | B96: 45641 | C96: 16 | D96: Multiple | F96: Multiple | H96: Accumulator | I96: Arsenal, Newcastle, Liverpool, Chelsea | J96: Multiple | K96: 2.82 | L96: 1 | M96: L | N96: 0 | O96: =N96-L96 -> -1 | P96: =P95-L96+N96 -> 277.85 | Q96: =P96-300.01 -> -22.16 | R96: =(P96-300)/300 -> -0.073833333 | S96: EPL 24/25 | T96: Football | U96: =IF(B96<>"", TEXT(B96, "dddd"), "") -> Sunday | W96: =TRIM(CLEAN(H96)) -> Accumulator
A97: 97 | B97: 45641 | C97: 16 | D97: Multiple | F97: Multiple | H97: Accumulator | I97: Arsenal, Newcastle, Man City, Chelsea | J97: Multiple | K97: 3.56 | L97: 1 | M97: L | N97: 0 | O97: =N97-L97 -> -1 | P97: =P96-L97+N97 -> 276.85 | Q97: =P97-300.01 -> -23.16 | R97: =(P97-300)/300 -> -0.077166667 | S97: EPL 24/25 | T97: Football | U97: =IF(B97<>"", TEXT(B97, "dddd"), "") -> Sunday | W97: =TRIM(CLEAN(H97)) -> Accumulator
A98: 98 | B98: 45641 | C98: 16 | D98: Multiple | F98: Multiple | H98: Accumulator | I98: Arsenal, Liverpool, Man City, Chelsea | J98: Multiple | K98: 3.56 | L98: 1 | M98: L | N98: 0 | O98: =N98-L98 -> -1 | P98: =P97-L98+N98 -> 275.85 | Q98: =P98-300.01 -> -24.16 | R98: =(P98-300)/300 -> -0.0805 | S98: EPL 24/25 | T98: Football | U98: =IF(B98<>"", TEXT(B98, "dddd"), "") -> Sunday | W98: =TRIM(CLEAN(H98)) -> Accumulator
A99: 99 | B99: 45641 | C99: 16 | D99: Multiple | F99: Multiple | H99: Accumulator | I99: Newcastle, Liverpool, Man City, Chelsea | J99: Multiple | K99: 3.75 | L99: 1 | M99: L | N99: 0 | O99: =N99-L99 -> -1 | P99: =P98-L99+N99 -> 274.85 | Q99: =P99-300.01 -> -25.16 | R99: =(P99-300)/300 -> -0.083833333 | S99: EPL 24/25 | T99: Football | U99: =IF(B99<>"", TEXT(B99, "dddd"), "") -> Sunday | W99: =TRIM(CLEAN(H99)) -> Accumulator
A100: 100 | B100: 45641 | C100: 16 | D100: Multiple | F100: Multiple | H100: Accumulator | I100: Arsenal, Newcastle, Liverpool | J100: Multiple | K100: 2.07 | L100: 1 | M100: L | N100: 0 | O100: =N100-L100 -> -1 | P100: =P99-L100+N100 -> 273.85 | Q100: =P100-300.01 -> -26.16 | R100: =(P100-300)/300 -> -0.087166667 | S100: EPL 24/25 | T100: Football | U100: =IF(B100<>"", TEXT(B100, "dddd"), "") -> Sunday | W100: =TRIM(CLEAN(H100)) -> Accumulator
A101: 101 | B101: 45641 | C101: 16 | D101: Multiple | F101: Multiple | H101: Accumulator | I101: Arsenal, Newcastle, Chelsea | J101: Multiple | K101: 2.15 | L101: 1 | M101: L | N101: 0 | O101: =N101-L101 -> -1 | P101: =P100-L101+N101 -> 272.85 | Q101: =P101-300.01 -> -27.16 | R101: =(P101-300)/300 -> -0.0905 | S101: EPL 24/25 | T101: Football | U101: =IF(B101<>"", TEXT(B101, "dddd"), "") -> Sunday | W101: =TRIM(CLEAN(H101)) -> Accumulator
A102: 102 | B102: 45641 | C102: 16 | D102: Multiple | F102: Multiple | H102: Accumulator | I102: Arsenal, Liverpool, Chelsea | J102: Multiple | K102: 2.15 | L102: 1 | M102: L | N102: 0 | O102: =N102-L102 -> -1 | P102: =P101-L102+N102 -> 271.85 | Q102: =P102-300.01 -> -28.16 | R102: =(P102-300)/300 -> -0.093833333 | S102: EPL 24/25 | T102: Football | U102: =IF(B102<>"", TEXT(B102, "dddd"), "") -> Sunday | W102: =TRIM(CLEAN(H102)) -> Accumulator
A103: 103 | B103: 45641 | C103: 16 | D103: Multiple | F103: Multiple | H103: Accumulator | I103: Newcastle, Liverpool, Chelsea | J103: Multiple | K103: 2.26 | L103: 1 | M103: L | N103: 0 | O103: =N103-L103 -> -1 | P103: =P102-L103+N103 -> 270.85 | Q103: =P103-300.01 -> -29.16 | R103: =(P103-300)/300 -> -0.097166667 | S103: EPL 24/25 | T103: Football | U103: =IF(B103<>"", TEXT(B103, "dddd"), "") -> Sunday | W103: =TRIM(CLEAN(H103)) -> Accumulator
A104: 104 | B104: 45648 | C104: 17 | D104: Villa | E104: 2 | F104: Man City | G104: 1 | H104: Draw No Bet | I104: Man City | J104: Man City | K104: 1.61 | L104: 2 | M104: L | N104: 0 | O104: =N104-L104 -> -2 | P104: =P103-L104+N104 -> 268.85 | Q104: =P104-300.01 -> -31.16 | R104: =(P104-300)/300 -> -0.10383333 | S104: EPL 24/25 | T104: Football | U104: =IF(B104<>"", TEXT(B104, "dddd"), "") -> Sunday | W104: =TRIM(CLEAN(H104)) -> Draw No Bet
A105: 105 | B105: 45648 | C105: 17 | D105: Brentford | E105: 0 | F105: Forest | G105: 2 | H105: Handicap | I105: Forest +1 | J105: Forest | K105: 1.53 | L105: 2 | M105: W | N105: 3.07 | O105: =N105-L105 -> 1.07 | P105: =P104-L105+N105 -> 269.92 | Q105: =P105-300.01 -> -30.09 | R105: =(P105-300)/300 -> -0.10026667 | S105: EPL 24/25 | T105: Football | U105: =IF(B105<>"", TEXT(B105, "dddd"), "") -> Sunday | W105: =TRIM(CLEAN(H105)) -> Handicap
A106: 106 | B106: 45648 | C106: 17 | D106: Ipswich | E106: 0 | F106: Newcastle | G106: 4 | H106: Full Time Result | I106: Newcastle | J106: Newcastle | K106: 1.65 | L106: 2 | M106: W | N106: 3.3 | O106: =N106-L106 -> 1.3 | P106: =P105-L106+N106 -> 271.22 | Q106: =P106-300.01 -> -28.79 | R106: =(P106-300)/300 -> -0.095933333 | S106: EPL 24/25 | T106: Football | U106: =IF(B106<>"", TEXT(B106, "dddd"), "") -> Sunday | W106: =TRIM(CLEAN(H106)) -> Full Time Result
A107: 107 | B107: 45648 | C107: 17 | D107: Palace | F107: Arsenal | H107: BTTS | I107: Yes | J107: Multiple | K107: 1.95 | L107: 2 | M107: W | N107: 3.9 | O107: =N107-L107 -> 1.9 | P107: =P106-L107+N107 -> 273.12 | Q107: =P107-300.01 -> -26.89 | R107: =(P107-300)/300 -> -0.0896 | S107: EPL 24/25 | T107: Football | U107: =IF(B107<>"", TEXT(B107, "dddd"), "") -> Sunday | W107: =TRIM(CLEAN(H107)) -> BTTS
A108: 108 | B108: 45649 | C108: 17 | D108: Everton | F108: Chelsea | H108: Full Time Result | I108: Chelsea | J108: Chelsea | K108: 1.61 | L108: 2 | M108: L | N108: 0 | O108: =N108-L108 -> -2 | P108: =P107-L108+N108 -> 271.12 | Q108: =P108-300.01 -> -28.89 | R108: =(P108-300)/300 -> -0.096266667 | S108: EPL 24/25 | T108: Football | U108: =IF(B108<>"", TEXT(B108, "dddd"), "") -> Monday | W108: =TRIM(CLEAN(H108)) -> Full Time Result
A109: 109 | B109: 45649 | C109: 17 | D109: Man Utd | F109: Bournemouth | H109: Full Time Result | I109: Man Utd | J109: Man Utd | K109: 1.8 | L109: 2 | M109: L | N109: 0 | O109: =N109-L109 -> -2 | P109: =P108-L109+N109 -> 269.12 | Q109: =P109-300.01 -> -30.89 | R109: =(P109-300)/300 -> -0.10293333 | S109: EPL 24/25 | T109: Football | U109: =IF(B109<>"", TEXT(B109, "dddd"), "") -> Monday | W109: =TRIM(CLEAN(H109)) -> Full Time Result
A110: 110 | B110: 45653 | C110: 18 | D110: Forest | F110: Tottenham | H110: BTTS | I110: Yes | J110: Multiple | K110: 1.4 | L110: 2 | M110: L | N110: 0 | O110: =N110-L110 -> -2 | P110: =P109-L110+N110 -> 267.12 | Q110: =P110-300.01 -> -32.89 | R110: =(P110-300)/300 -> -0.1096 | S110: EPL 24/25 | T110: Football | U110: =IF(B110<>"", TEXT(B110, "dddd"), "") -> Friday | W110: =TRIM(CLEAN(H110)) -> BTTS
A111: 111 | B111: 45653 | C111: 18 | D111: Newcastle | F111: Villa | H111: BTTS | I111: Yes | J111: Multiple | K111: 1.57 | L111: 2 | M111: L | N111: 0 | O111: =N111-L111 -> -2 | P111: =P110-L111+N111 -> 265.12 | Q111: =P111-300.01 -> -34.89 | R111: =(P111-300)/300 -> -0.11626667 | S111: EPL 24/25 | T111: Football | U111: =IF(B111<>"", TEXT(B111, "dddd"), "") -> Friday | W111: =TRIM(CLEAN(H111)) -> BTTS
A112: 112 | B112: 45653 | C112: 18 | D112: Man City | F112: Everton | H112: BTTS | I112: No | J112: Multiple | K112: 1.9 | L112: 2 | M112: L | N112: 0 | O112: =N112-L112 -> -2 | P112: =P111-L112+N112 -> 263.12 | Q112: =P112-300.01 -> -36.89 | R112: =(P112-300)/300 -> -0.12293333 | S112: EPL 24/25 | T112: Football | U112: =IF(B112<>"", TEXT(B112, "dddd"), "") -> Friday | W112: =TRIM(CLEAN(H112)) -> BTTS
A113: 113 | B113: 45653 | C113: 18 | D113: Bournemouth | F113: Palace | H113: Full Time Result | I113: Bournemouth | J113: Bournemouth | K113: 2 | L113: 2 | M113: L | N113: 0 | O113: =N113-L113 -> -2 | P113: =P112-L113+N113 -> 261.12 | Q113: =P113-300.01 -> -38.89 | R113: =(P113-300)/300 -> -0.1296 | S113: EPL 24/25 | T113: Football | U113: =IF(B113<>"", TEXT(B113, "dddd"), "") -> Friday | W113: =TRIM(CLEAN(H113)) -> Full Time Result
A114: 114 | B114: 45653 | C114: 18 | D114: Liverpool | F114: Leicester | H114: Handicap | I114: Liverpool -1 | J114: Liverpool | K114: 1.22 | L114: 2 | M114: W | N114: 1.22 | O114: =N114-L114 -> -0.78 | P114: =P113-L114+N114 -> 260.34 | Q114: =P114-300.01 -> -39.67 | R114: =(P114-300)/300 -> -0.1322 | S114: EPL 24/25 | T114: Football | U114: =IF(B114<>"", TEXT(B114, "dddd"), "") -> Friday | W114: =TRIM(CLEAN(H114)) -> Handicap
A115: 115 | B115: 45654 | C115: 18 | D115: Arsenal | F115: Ipswich | H115: Full Time Result | I115: Arsenal | J115: Arsenal | K115: 1.14 | L115: 5 | M115: W | N115: 5.72 | O115: =N115-L115 -> 0.72 | P115: =P114-L115+N115 -> 261.06 | Q115: =P115-300.01 -> -38.95 | R115: =(P115-300)/300 -> -0.1298 | S115: EPL 24/25 | T115: Football | U115: =IF(B115<>"", TEXT(B115, "dddd"), "") -> Saturday | W115: =TRIM(CLEAN(H115)) -> Full Time Result
A116: 116 | B116: 45656 | C116: 19 | D116: Everton | F116: Forest | H116: Draw No Bet | I116: Forest | J116: Forest | K116: 1.83 | L116: 2 | M116: W | N116: 3.67 | O116: =N116-L116 -> 1.67 | P116: =P115-L116+N116 -> 262.73 | Q116: =P116-300.01 -> -37.28 | R116: =(P116-300)/300 -> -0.12423333 | S116: EPL 24/25 | T116: Football | U116: =IF(B116<>"", TEXT(B116, "dddd"), "") -> Monday | W116: =TRIM(CLEAN(H116)) -> Draw No Bet
A117: 117 | B117: 45656 | C117: 19 | D117: Tottenham | F117: Wolves | H117: Full Time Result | I117: Tottenham | J117: Tottenham | K117: 1.66 | L117: 2 | M117: L | N117: 0 | O117: =N117-L117 -> -2 | P117: =P116-L117+N117 -> 260.73 | Q117: =P117-300.01 -> -39.28 | R117: =(P117-300)/300 -> -0.1309 | S117: EPL 24/25 | T117: Football | U117: =IF(B117<>"", TEXT(B117, "dddd"), "") -> Monday | W117: =TRIM(CLEAN(H117)) -> Full Time Result
A118: 118 | B118: 45656 | C118: 19 | D118: West Ham | F118: Liverpool | H118: Full Time Result | I118: Liverpool | J118: Liverpool | K118: 1.38 | L118: 2 | M118: W | N118: 3.76 | O118: =N118-L118 -> 1.76 | P118: =P117-L118+N118 -> 262.49 | Q118: =P118-300.01 -> -37.52 | R118: =(P118-300)/300 -> -0.12503333 | S118: EPL 24/25 | T118: Football | U118: =IF(B118<>"", TEXT(B118, "dddd"), "") -> Monday | W118: =TRIM(CLEAN(H118)) -> Full Time Result
... A126: 126 | B126: 45663 | C126: 20 | D126: Wolves | F126: Forest | H126: Full Time Result | I126: Forest | J126: Forest | K126: 2.3 | L126: 2 | M126: W | N126: 4.6 | O126: =N126-L126 -> 2.6 | P126: =P125-L126+N126 -> 265.78 | Q126: =P126-300.01 -> -34.23 | R126: =(P126-300)/300 -> -0.11406667 | S126: EPL 24/25 | T126: Football | U126: =IF(B126<>"", TEXT(B126, "dddd"), "") -> Monday | W126: =TRIM(CLEAN(H126)) -> Full Time Result
A127: 127 | B127: 45668 | C127: Null | D127: Multiple | F127: Multiple | H127: Accumulator | I127: Liverpool, Tottenham, Newcastle, Bournemouth | J127: Multiple | K127: =1.025*1.16*1.05*1.12*1.4 -> 1.9575696 | L127: 1 | M127: L | N127: 0 | O127: =N127-L127 -> -1 | P127: =P126-L127+N127 -> 264.78 | Q127: =P127-300.01 -> -35.23 | R127: =(P127-300)/300 -> -0.1174 | S127: FA cup 2025 | T127: Football | U127: =IF(B127<>"", TEXT(B127, "dddd"), "") -> Saturday
A128: 128 | B128: 45668 | C128: Null | D128: Multiple | F128: Multiple | H128: Accumulator | I128: Liverpool, Tottenham, City, Newcastle, Brentford | J128: Multiple | K128: =1.025*1.16*1.05*1.12*1.25 -> 1.74783 | L128: 1 | M128: L | N128: 0 | O128: =N128-L128 -> -1 | P128: =P127-L128+N128 -> 263.78 | Q128: =P128-300.01 -> -36.23 | R128: =(P128-300)/300 -> -0.12073333 | S128: FA cup 2025 | T128: Football | U128: =IF(B128<>"", TEXT(B128, "dddd"), "") -> Saturday
A129: 129 | B129: 45668 | C129: Null | D129: Multiple | F129: Multiple | H129: Accumulator | I129: Liverpool, Tottenham, Newcastle, City, Forest | J129: Multiple | K129: =1.025*1.12*1.16*1.05*1.44 -> 2.0135002 | L129: 1 | M129: L | N129: 0 | O129: =N129-L129 -> -1 | P129: =P128-L129+N129 -> 262.78 | Q129: =P129-300.01 -> -37.23 | R129: =(P129-300)/300 -> -0.12406667 | S129: FA cup 2025 | T129: Football | U129: =IF(B129<>"", TEXT(B129, "dddd"), "") -> Saturday
A130: 130 | B130: 45668 | C130: Null | D130: Multiple | F130: Multiple | H130: Accumulator | I130: Liverpool, Tottenham, City, Newcastle, Leeds, Bournemouth, Brentford, Forest, Chelsea | J130: Multiple | K130: =1.025*1.16*1.05*1.12*1.083*1.4*1.22*1.44*1.02 -> 3.7989901 | L130: 1 | M130: L | N130: 0 | O130: =N130-L130 -> -1 | P130: =P129-L130+N130 -> 261.78 | Q130: =P130-300.01 -> -38.23 | R130: =(P130-300)/300 -> -0.1274 | S130: FA cup 2025 | T130: Football | U130: =IF(B130<>"", TEXT(B130, "dddd"), "") -> Saturday
A131: 131 | B131: 45668 | C131: Null | D131: Multiple | F131: Multiple | H131: Accumulator | I131: Liverpool, Forest, City, Newcastle, | J131: Multiple | K131: 2.04 | L131: 1 | M131: L | N131: 0 | O131: =N131-L131 -> -1 | P131: =P130-L131+N131 -> 260.78 | Q131: =P131-300.01 -> -39.23 | R131: =(P131-300)/300 -> -0.13073333 | S131: FA cup 2025 | T131: Football | U131: =IF(B131<>"", TEXT(B131, "dddd"), "") -> Saturday
A132: 132 | B132: 45675 | C132: 21 | D132: Chelsea | F132: Wolves | H132: Full Time Result | I132: Chelsea | J132: Chelsea | K132: 1.36 | L132: 2 | M132: W | N132: 2.73 | O132: =N132-L132 -> 0.73 | P132: =P131-L132+N132 -> 261.51 | Q132: =P132-300.01 -> -38.5 | R132: =(P132-300)/300 -> -0.1283 | S132: EPL 24/25 | T132: Football | U132: =IF(B132<>"", TEXT(B132, "dddd"), "") -> Saturday
A133: 133 | B133: 45675 | C133: 21 | D133: Forest | F133: Southampton | H133: Full Time Result | I133: Forest | J133: Forest | K133: 1.38 | L133: 4 | M133: W | N133: 5.52 | O133: =N133-L133 -> 1.52 | P133: =P132-L133+N133 -> 263.03 | Q133: =P133-300.01 -> -36.98 | R133: =(P133-300)/300 -> -0.12323333 | S133: EPL 24/25 | T133: Football | U133: =IF(B133<>"", TEXT(B133, "dddd"), "") -> Saturday
A134: 134 | B134: 45675 | C134: 21 | D134: Brentford | F134: Liverpool | H134: Full Time Result | I134: Liverpool | J134: Liverpool | K134: 1.45 | L134: 2 | M134: W | N134: 2.9 | O134: =N134-L134 -> 0.9 | P134: =P133-L134+N134 -> 263.93 | Q134: =P134-300.01 -> -36.08 | R134: =(P134-300)/300 -> -0.12023333 | S134: EPL 24/25 | T134: Football | U134: =IF(B134<>"", TEXT(B134, "dddd"), "") -> Saturday
A135: 135 | B135: 45675 | C135: 21 | D135: Newcastle | F135: Bournemouth | H135: Full Time Result | I135: Newcastle | J135: Newcastle | K135: 1.57 | L135: 2 | M135: L | N135: 0 | O135: =N135-L135 -> -2 | P135: =P134-L135+N135 -> 261.93 | Q135: =P135-300.01 -> -38.08 | R135: =(P135-300)/300 -> -0.1269 | S135: EPL 24/25 | T135: Football | U135: =IF(B135<>"", TEXT(B135, "dddd"), "") -> Saturday
...

Sheet Leaderboard
E2: Notes | F2: Total Staked | G2: Result | H2: Returns
E3: John | F3: 145 | G3: 23.85 | H3: 170.1
E4: Richard | F4: 145 | G4: -4.8 | H4: 140.2
E5: Xander | F5: 145 | G5: -36.4 | H5: 108.6
E6: Grand Total | F6: 435 | G6: -17.35 | H6: 418.9

Sheet Copy of Pivot table
E2: Market | F2: SUM of Stake | G2: SUM of Winnings | H2: ROI
E3: EPL 24/25 | F3: 480 | G3: -63.48 | H3: =G3/F3 -> -0.13225
E4: EPL 25/26 | F4: 449 | G4: -29.65 | H4: =G4/F4 -> -0.066035635
E5: Grand Total | F5: 929 | G5: -93.13 | H5: =G5/F5 -> -0.10024758

Sheet Sheet10
A1: Away Team | B1: Total Staked | C1: Result | D1: ROI
A2: Villa | B2: 10 | C2: 8.85 | D2: 0.885
A3: Liverpool | B3: 5 | C3: 4 | D3: 0.8
A4: Leeds | B4: 5 | C4: 3.65 | D4: 0.73
A5: Man City | B5: 10 | C5: 6.7 | D5: 0.67
A6: West Ham | B6: 5 | C6: 3.35 | D6: 0.67
A7: Arsenal | B7: 20 | C7: 8.75 | D7: 0.4375
A8: Chelsea | B8: 5 | C8: 2 | D8: 0.4
A9: Forest | B9: 25 | C9: 2.9 | D9: 0.116
A10: Everton | B10: 20 | C10: 0.65 | D10: 0.0325
A11: Wolves | B11: 30 | C11: 0.05 | D11: 0.0016666667
A12: Fulham | B12: 20 | C12: -0.2 | D12: -0.01
A13: Brighton | B13: 25 | C13: -1 | D13: -0.04
... A22: Sunderland | B22: 5 | C22: -5 | D22: -1

Sheet Charts

Sheet Betting Habits

Sheet Rounds
A1: Matchday | B1: Total Bets | C1: W | D1: L | E1: Winnings | F1: %W | G1: %L | H1: Cum Bets | I1: Cum W | J1: Cum L | K1: Cum %W | L1: Cum %L | M1: Cum Winnings
A2: 1 | B2: =COUNTIF(Bets!C300:C601, A2) -> 3 | C2: =COUNTIFS(Bets!C300:C601, A2, Bets!M300:M601, "W") -> 1 | D2: =COUNTIFS(Bets!C300:C601, A2, Bets!M300:M601, "L") -> 1 | E2: =SUMIF(Bets!C300:C601, A2, Bets!O300:O601) -> -4.5 | F2: =IF(C2 > 0, C2 / B2, 0) -> 0.33333333 | G2: =IF(D2 > 0, D2 / B2, 0) -> 0.33333333 | H2: =sum($B$2:B2) -> 3 | I2: =sum($C$2:C2) -> 1 | J2: =sum($D$2:D2) -> 1 | K2: =IF(H2 > 0, I2 / H2, 0) -> 0.33333333 | L2: =IF(H2 > 0, J2 / H2, 0) -> 0.33333333 | M2: =sum($E$2:E2) -> -4.5
A3: 2 | B3: =COUNTIF(Bets!C301:C602, A3) -> 3 | C3: =COUNTIFS(Bets!C301:C602, A3, Bets!M301:M602, "W") -> 2 | D3: =COUNTIFS(Bets!C301:C602, A3, Bets!M301:M602, "L") -> 0 | E3: =SUMIF(Bets!C301:C602, A3, Bets!O301:O602) -> 5.3 | F3: =IF(C3 > 0, C3 / B3, 0) -> 0.66666667 | G3: =IF(D3 > 0, D3 / B3, 0) -> 0 | H3: =sum($B$2:B3) -> 6 | I3: =sum($C$2:C3) -> 3 | J3: =sum($D$2:D3) -> 1 | K3: =IF(H3 > 0, I3 / H3, 0) -> 0.5 | L3: =IF(H3 > 0, J3 / H3, 0) -> 0.16666667 | M3: =sum($E$2:E3) -> 0.8
A4: 3 | B4: =COUNTIF(Bets!C302:C603, A4) -> 3 | C4: =COUNTIFS(Bets!C302:C603, A4, Bets!M302:M603, "W") -> 1 | D4: =COUNTIFS(Bets!C302:C603, A4, Bets!M302:M603, "L") -> 2 | E4: =SUMIF(Bets!C302:C603, A4, Bets!O302:O603) -> -8.65 | F4: =IF(C4 > 0, C4 / B4, 0) -> 0.33333333 | G4: =IF(D4 > 0, D4 / B4, 0) -> 0.66666667 | H4: =sum($B$2:B4) -> 9 | I4: =sum($C$2:C4) -> 4 | J4: =sum($D$2:D4) -> 3 | K4: =IF(H4 > 0, I4 / H4, 0) -> 0.44444444 | L4: =IF(H4 > 0, J4 / H4, 0) -> 0.33333333 | M4: =sum($E$2:E4) -> -7.85
A5: 4 | B5: =COUNTIF(Bets!C303:C604, A5) -> 3 | C5: =COUNTIFS(Bets!C303:C604, A5, Bets!M303:M604, "W") -> 2 | D5: =COUNTIFS(Bets!C303:C604, A5, Bets!M303:M604, "L") -> 1 | E5: =SUMIF(Bets!C303:C604, A5, Bets!O303:O604) -> -1 | F5: =IF(C5 > 0, C5 / B5, 0) -> 0.66666667 | G5: =IF(D5 > 0, D5 / B5, 0) -> 0.33333333 | H5: =sum($B$2:B5) -> 12 | I5: =sum($C$2:C5) -> 6 | J5: =sum($D$2:D5) -> 4 | K5: =IF(H5 > 0, I5 / H5, 0) -> 0.5 | L5: =IF(H5 > 0, J5 / H5, 0) -> 0.33333333 | M5: =sum($E$2:E5) -> -8.85
A6: 5 | B6: =COUNTIF(Bets!C304:C605, A6) -> 3 | C6: =COUNTIFS(Bets!C304:C605, A6, Bets!M304:M605, "W") -> 3 | D6: =COUNTIFS(Bets!C304:C605, A6, Bets!M304:M605, "L") -> 0 | E6: =SUMIF(Bets!C304:C605, A6, Bets!O304:O605) -> 9.1 | F6: =IF(C6 > 0, C6 / B6, 0) -> 1 | G6: =IF(D6 > 0, D6 / B6, 0) -> 0 | H6: =sum($B$2:B6) -> 15 | I6: =sum($C$2:C6) -> 9 | J6: =sum($D$2:D6) -> 4 | K6: =IF(H6 > 0, I6 / H6, 0) -> 0.6 | L6: =IF(H6 > 0, J6 / H6, 0) -> 0.26666667 | M6: =sum($E$2:E6) -> 0.25
A7: 6 | B7: =COUNTIF(Bets!C305:C606, A7) -> 3 | C7: =COUNTIFS(Bets!C305:C606, A7, Bets!M305:M606, "W") -> 1 | D7: =COUNTIFS(Bets!C305:C606, A7, Bets!M305:M606, "L") -> 2 | E7: =SUMIF(Bets!C305:C606, A7, Bets!O305:O606) -> -7.25 | F7: =IF(C7 > 0, C7 / B7, 0) -> 0.33333333 | G7: =IF(D7 > 0, D7 / B7, 0) -> 0.66666667 | H7: =sum($B$2:B7) -> 18 | I7: =sum($C$2:C7) -> 10 | J7: =sum($D$2:D7) -> 6 | K7: =IF(H7 > 0, I7 / H7, 0) -> 0.55555556 | L7: =IF(H7 > 0, J7 / H7, 0) -> 0.33333333 | M7: =sum($E$2:E7) -> -7
A8: 7 | B8: =COUNTIF(Bets!C306:C607, A8) -> 3 | C8: =COUNTIFS(Bets!C306:C607, A8, Bets!M306:M607, "W") -> 2 | D8: =COUNTIFS(Bets!C306:C607, A8, Bets!M306:M607, "L") -> 1 | E8: =SUMIF(Bets!C306:C607, A8, Bets!O306:O607) -> 1 | F8: =IF(C8 > 0, C8 / B8, 0) -> 0.66666667 | G8: =IF(D8 > 0, D8 / B8, 0) -> 0.33333333 | H8: =sum($B$2:B8) -> 21 | I8: =sum($C$2:C8) -> 12 | J8: =sum($D$2:D8) -> 7 | K8: =IF(H8 > 0, I8 / H8, 0) -> 0.57142857 | L8: =IF(H8 > 0, J8 / H8, 0) -> 0.33333333 | M8: =sum($E$2:E8) -> -6
A9: 8 | B9: =COUNTIF(Bets!C307:C608, A9) -> 3 | C9: =COUNTIFS(Bets!C307:C608, A9, Bets!M307:M608, "W") -> 2 | D9: =COUNTIFS(Bets!C307:C608, A9, Bets!M307:M608, "L") -> 1 | E9: =SUMIF(Bets!C307:C608, A9, Bets!O307:O608) -> -1 | F9: =IF(C9 > 0, C9 / B9, 0) -> 0.66666667 | G9: =IF(D9 > 0, D9 / B9, 0) -> 0.33333333 | H9: =sum($B$2:B9) -> 24 | I9: =sum($C$2:C9) -> 14 | J9: =sum($D$2:D9) -> 8 | K9: =IF(H9 > 0, I9 / H9, 0) -> 0.58333333 | L9: =IF(H9 > 0, J9 / H9, 0) -> 0.33333333 | M9: =sum($E$2:E9) -> -7
A10: 9 | B10: =COUNTIF(Bets!C308:C609, A10) -> 3 | C10: =COUNTIFS(Bets!C308:C609, A10, Bets!M308:M609, "W") -> 3 | D10: =COUNTIFS(Bets!C308:C609, A10, Bets!M308:M609, "L") -> 0 | E10: =SUMIF(Bets!C308:C609, A10, Bets!O308:O609) -> 8.4 | F10: =IF(C10 > 0, C10 / B10, 0) -> 1 | G10: =IF(D10 > 0, D10 / B10, 0) -> 0 | H10: =sum($B$2:B10) -> 27 | I10: =sum($C$2:C10) -> 17 | J10: =sum($D$2:D10) -> 8 | K10: =IF(H10 > 0, I10 / H10, 0) -> 0.62962963 | L10: =IF(H10 > 0, J10 / H10, 0) -> 0.2962963 | M10: =sum($E$2:E10) -> 1.4
A11: 10 | B11: =COUNTIF(Bets!C309:C610, A11) -> 3 | C11: =COUNTIFS(Bets!C309:C610, A11, Bets!M309:M610, "W") -> 2 | D11: =COUNTIFS(Bets!C309:C610, A11, Bets!M309:M610, "L") -> 0 | E11: =SUMIF(Bets!C309:C610, A11, Bets!O309:O610) -> 6.5 | F11: =IF(C11 > 0, C11 / B11, 0) -> 0.66666667 | G11: =IF(D11 > 0, D11 / B11, 0) -> 0 | H11: =sum($B$2:B11) -> 30 | I11: =sum($C$2:C11) -> 19 | J11: =sum($D$2:D11) -> 8 | K11: =IF(H11 > 0, I11 / H11, 0) -> 0.63333333 | L11: =IF(H11 > 0, J11 / H11, 0) -> 0.26666667 | M11: =sum($E$2:E11) -> 7.9
A12: 11 | B12: =COUNTIF(Bets!C310:C611, A12) -> 3 | C12: =COUNTIFS(Bets!C310:C611, A12, Bets!M310:M611, "W") -> 1 | D12: =COUNTIFS(Bets!C310:C611, A12, Bets!M310:M611, "L") -> 1 | E12: =SUMIF(Bets!C310:C611, A12, Bets!O310:O611) -> -3.2 | F12: =IF(C12 > 0, C12 / B12, 0) -> 0.33333333 | G12: =IF(D12 > 0, D12 / B12, 0) -> 0.33333333 | H12: =sum($B$2:B12) -> 33 | I12: =sum($C$2:C12) -> 20 | J12: =sum($D$2:D12) -> 9 | K12: =IF(H12 > 0, I12 / H12, 0) -> 0.60606061 | L12: =IF(H12 > 0, J12 / H12, 0) -> 0.27272727 | M12: =sum($E$2:E12) -> 4.7
A13: 12 | B13: =COUNTIF(Bets!C311:C612, A13) -> 4 | C13: =COUNTIFS(Bets!C311:C612, A13, Bets!M311:M612, "W") -> 2 | D13: =COUNTIFS(Bets!C311:C612, A13, Bets!M311:M612, "L") -> 2 | E13: =SUMIF(Bets!C311:C612, A13, Bets!O311:O612) -> -0.7 | F13: =IF(C13 > 0, C13 / B13, 0) -> 0.5 | G13: =IF(D13 > 0, D13 / B13, 0) -> 0.5 | H13: =sum($B$2:B13) -> 37 | I13: =sum($C$2:C13) -> 22 | J13: =sum($D$2:D13) -> 11 | K13: =IF(H13 > 0, I13 / H13, 0) -> 0.59459459 | L13: =IF(H13 > 0, J13 / H13, 0) -> 0.2972973 | M13: =sum($E$2:E13) -> 4
... A27: 26 | B27: =COUNTIF(Bets!C325:C626, A27) -> 4 | C27: =COUNTIFS(Bets!C325:C626, A27, Bets!M325:M626, "W") -> 2 | D27: =COUNTIFS(Bets!C325:C626, A27, Bets!M325:M626, "L") -> 2 | E27: =SUMIF(Bets!C325:C626, A27, Bets!O325:O626) -> -0.65 | F27: =IF(C27 > 0, C27 / B27, 0) -> 0.5 | G27: =IF(D27 > 0, D27 / B27, 0) -> 0.5 | H27: =sum($B$2:B27) -> 87 | I27: =sum($C$2:C27) -> 43 | J27: =sum($D$2:D27) -> 37 | K27: =IF(H27 > 0, I27 / H27, 0) -> 0.49425287 | L27: =IF(H27 > 0, J27 / H27, 0) -> 0.42528736 | M27: =sum($E$2:E27) -> -10.9
